username,password
admin,tQ5GKZAY9g
Meredithe,pG43L3bgne
Brendin,yP6si833jev
Katrinka,yK53JADl3d
Elaine,pT7Gxja1F
Farrell,aU2Io23YCgB3C
Giraud,xK93s73ixNw33s
Kerr,gL3Z3qsZN8K3Yt
Allina,sV033R14B3o3rI3M
Fidelia,bA75ocOto332o5
Pat,cM7RWn33G
Livvie,tD5dK3lxl37
Kristoforo,oS433jq8023Y
Esta,3lK834XtOX33
Nonah,dP93332Uc
Albertine,oZ93pM3l30n3jZ
Patrica,qF763DRNy
Lavinia,aT339cl3wvem33
Ruperto,zF0di3FW
Gay,sC5D333h3
Caresse,uH7zqXDGP3uzH3j
Zsa3zsa,qK9U533CB33k
Milo,lN8mb833333V08
Kelvin,sQ7Z33fj3
Crystie,xC933p3L9o
Rube,tD6Br33c07
Chance,jN6y53V8ca3a
Dewain,qA83D3a3p
Tiphani,eR0xRDg37
Lenka,3lK834XtOX33